{"_type":"export","__export_format":4,"__export_date":"2023-11-13T20:22:58.505Z","__export_source":"insomnia.desktop.app:v8.4.1","resources":[{"_id":"req_17781a506a8443d7a58c911470b884f9","parentId":"wrk_788973848ed04c71b9a66e4872b1dc38","modified":1699842690932,"created":1699816174833,"url":"http://localhost:3000/listpessoa","name":"/listpessoa","description":"","method":"GET","body":{},"parameters":[],"headers":[],"authentication":{},"metaSortKey":-1699816233889.375,"isPrivate":false,"settingStoreCookies":true,"settingSendCookies":true,"settingDisableRenderRequestBody":false,"settingEncodeUrl":true,"settingRebuildPath":true,"settingFollowRedirects":"global","_type":"request"},{"_id":"wrk_788973848ed04c71b9a66e4872b1dc38","parentId":null,"modified":1699902782099,"created":1699902782099,"name":"trabalho_pets","description":"","scope":"collection","_type":"workspace"},{"_id":"req_15099a92e5ce4bb5a76dfd7afcdcdf0d","parentId":"wrk_788973848ed04c71b9a66e4872b1dc38","modified":1699904415603,"created":1699816242326,"url":"http://localhost:3000/pessoa/store","name":"/pessoa/store","description":"","method":"POST","body":{"mimeType":"application/json","text":"\n{\"cpf\": \"16345678917\",\n\"rg\": \"1234568\",\n\"nome\": \"Lago\",\n\"numero_celular\": \"54981140367\",\n\"email\": \"fsikora@gmail.com\",\n\"data_nascimento\": \"25/02/2006\",\n\"endereco\": \"rua guarani,117\",\n\"cep\": \"12345678\",\n\"complemento\": \"casa\",\n\"ctps\": \"12345676\",\n\"pis\": \"12345678910\",\n\"senha\": \"teste\"}"},"parameters":[],"headers":[{"name":"Content-Type","value":"application/json"}],"authentication":{},"metaSortKey":-1699816242326,"isPrivate":false,"settingStoreCookies":true,"settingSendCookies":true,"settingDisableRenderRequestBody":false,"settingEncodeUrl":true,"settingRebuildPath":true,"settingFollowRedirects":"global","_type":"request"},{"_id":"req_26c8029853954849bdfbde548d55e9d3","parentId":"wrk_788973848ed04c71b9a66e4872b1dc38","modified":1699905587497,"created":1699817484006,"url":"http://localhost:3000/updatepessoa/12345678918","name":"/updatepessoa","description":"","method":"PUT","body":{"mimeType":"application/json","text":"\n{\"cpf\": \"12345678911\",\n\"rg\": \"1234568\",\n\"nome\": \"esther\",\n\"numero_celular\": \"54981140367\",\n\"email\": \"fsikora@gmail.com\",\n\"data_nascimento\": \"25/02/2006\",\n\"endereco\": \"rua guarani,117\",\n\"cep\": \"12345678\",\n\"complemento\": \"casa\",\n\"ctps\": \"12345678\",\n\"pis\": \"12345678910\",\n\"senha\": \"teste\"}"},"parameters":[],"headers":[{"name":"Content-Type","value":"application/json"}],"authentication":{},"metaSortKey":-1699817484006,"isPrivate":false,"settingStoreCookies":true,"settingSendCookies":true,"settingDisableRenderRequestBody":false,"settingEncodeUrl":true,"settingRebuildPath":true,"settingFollowRedirects":"global","_type":"request"},{"_id":"req_e172b9132fdd4802b8fc8a296f1958bf","parentId":"wrk_788973848ed04c71b9a66e4872b1dc38","modified":1699904444515,"created":1699818270988,"url":"http://localhost:3000/deletepessoa/16345678917","name":"/deletepessoa","description":"","method":"DELETE","body":{},"parameters":[],"headers":[],"authentication":{},"metaSortKey":-1699818270988,"isPrivate":false,"settingStoreCookies":true,"settingSendCookies":true,"settingDisableRenderRequestBody":false,"settingEncodeUrl":true,"settingRebuildPath":true,"settingFollowRedirects":"global","_type":"request"},{"_id":"req_64f0b639d7c3415e98e99833b14f9cad","parentId":"wrk_788973848ed04c71b9a66e4872b1dc38","modified":1699820573021,"created":1699819985868,"url":"http://localhost:3000/listpagamento","name":"/listpagamento","description":"","method":"GET","body":{},"parameters":[],"headers":[],"authentication":{},"metaSortKey":-1699819985868,"isPrivate":false,"settingStoreCookies":true,"settingSendCookies":true,"settingDisableRenderRequestBody":false,"settingEncodeUrl":true,"settingRebuildPath":true,"settingFollowRedirects":"global","_type":"request"},{"_id":"req_fe95cabb86084e958531ed2ab8d13ac5","parentId":"wrk_788973848ed04c71b9a66e4872b1dc38","modified":1699903781321,"created":1699820001642,"url":"http://localhost:3000/pagamento/store","name":"/pagamento/store","description":"","method":"POST","body":{"mimeType":"application/json","text":"{\"forma_pagamento\": \"dinheiro\"}"},"parameters":[],"headers":[{"name":"Content-Type","value":"application/json"}],"authentication":{},"metaSortKey":-1699820001642,"isPrivate":false,"settingStoreCookies":true,"settingSendCookies":true,"settingDisableRenderRequestBody":false,"settingEncodeUrl":true,"settingRebuildPath":true,"settingFollowRedirects":"global","_type":"request"},{"_id":"req_efe21347824644efa001a42eeed0a745","parentId":"wrk_788973848ed04c71b9a66e4872b1dc38","modified":1699906163634,"created":1699820019926,"url":"http://localhost:3000/updatepagamento/","name":"/updatepagamento","description":"","method":"PUT","body":{"mimeType":"application/json","text":""},"parameters":[],"headers":[{"name":"Content-Type","value":"application/json"}],"authentication":{},"metaSortKey":-1699820019926,"isPrivate":false,"settingStoreCookies":true,"settingSendCookies":true,"settingDisableRenderRequestBody":false,"settingEncodeUrl":true,"settingRebuildPath":true,"settingFollowRedirects":"global","_type":"request"},{"_id":"req_26fe7ed1cea948409d9ef048b6c5ab0e","parentId":"wrk_788973848ed04c71b9a66e4872b1dc38","modified":1699820540567,"created":1699820037717,"url":"http://localhost:3000/deletepagamento/","name":"/deletepagamento","description":"","method":"DELETE","body":{},"parameters":[],"headers":[],"authentication":{},"metaSortKey":-1699820037717,"isPrivate":false,"settingStoreCookies":true,"settingSendCookies":true,"settingDisableRenderRequestBody":false,"settingEncodeUrl":true,"settingRebuildPath":true,"settingFollowRedirects":"global","_type":"request"},{"_id":"req_3e9130fe295f494c8d9572f3a52dcbb0","parentId":"wrk_788973848ed04c71b9a66e4872b1dc38","modified":1699820525547,"created":1699820081843,"url":"http://localhost:3000/listpet","name":"/listpet","description":"","method":"GET","body":{},"parameters":[],"headers":[],"authentication":{},"metaSortKey":-1699820081843,"isPrivate":false,"settingStoreCookies":true,"settingSendCookies":true,"settingDisableRenderRequestBody":false,"settingEncodeUrl":true,"settingRebuildPath":true,"settingFollowRedirects":"global","_type":"request"},{"_id":"req_80f37a8961de430182390abb98a4eecc","parentId":"wrk_788973848ed04c71b9a66e4872b1dc38","modified":1699904824584,"created":1699820165864,"url":"http://localhost:3000/pet/store","name":"/pet/store","description":"","method":"POST","body":{"mimeType":"application/json","text":"{\"valor\": \"1200\",\n\"quantidade\": \"1\",\n\"raca\": \"1\"}\n\n"},"parameters":[],"headers":[{"name":"Content-Type","value":"application/json"}],"authentication":{},"metaSortKey":-1699820165864,"isPrivate":false,"settingStoreCookies":true,"settingSendCookies":true,"settingDisableRenderRequestBody":false,"settingEncodeUrl":true,"settingRebuildPath":true,"settingFollowRedirects":"global","_type":"request"},{"_id":"req_29f5aee768754696b318e1675b1d1f9e","parentId":"wrk_788973848ed04c71b9a66e4872b1dc38","modified":1699820756529,"created":1699820187604,"url":"http://localhost:3000/updatepet","name":"/updatepet","description":"","method":"PUT","body":{"mimeType":"application/json","text":""},"parameters":[],"headers":[{"name":"Content-Type","value":"application/json"}],"authentication":{},"metaSortKey":-1699820187604,"isPrivate":false,"settingStoreCookies":true,"settingSendCookies":true,"settingDisableRenderRequestBody":false,"settingEncodeUrl":true,"settingRebuildPath":true,"settingFollowRedirects":"global","_type":"request"},{"_id":"req_9bc8f8f17b5a4c78a32f3bfa6ed72642","parentId":"wrk_788973848ed04c71b9a66e4872b1dc38","modified":1699820498547,"created":1699820201942,"url":"http://localhost:3000/deletepet/","name":"/deletepet","description":"","method":"DELETE","body":{},"parameters":[],"headers":[],"authentication":{},"metaSortKey":-1699820201942,"isPrivate":false,"settingStoreCookies":true,"settingSendCookies":true,"settingDisableRenderRequestBody":false,"settingEncodeUrl":true,"settingRebuildPath":true,"settingFollowRedirects":"global","_type":"request"},{"_id":"req_e1683042fe68492f9ab8517cef2f706a","parentId":"wrk_788973848ed04c71b9a66e4872b1dc38","modified":1699820487210,"created":1699820232291,"url":"http://localhost:3000/listraca","name":"/listraca","description":"","method":"GET","body":{},"parameters":[],"headers":[],"authentication":{},"metaSortKey":-1699820232291,"isPrivate":false,"settingStoreCookies":true,"settingSendCookies":true,"settingDisableRenderRequestBody":false,"settingEncodeUrl":true,"settingRebuildPath":true,"settingFollowRedirects":"global","_type":"request"},{"_id":"req_964e001d64964f12b4bce9e53051f896","parentId":"wrk_788973848ed04c71b9a66e4872b1dc38","modified":1699904289259,"created":1699820252341,"url":"http://localhost:3000/raca/store","name":"/raca/store","description":"","method":"POST","body":{"mimeType":"application/json","text":"{\"nome\": \"dalmata\"}"},"parameters":[],"headers":[{"name":"Content-Type","value":"application/json"}],"authentication":{},"metaSortKey":-1699820252341,"isPrivate":false,"settingStoreCookies":true,"settingSendCookies":true,"settingDisableRenderRequestBody":false,"settingEncodeUrl":true,"settingRebuildPath":true,"settingFollowRedirects":"global","_type":"request"},{"_id":"req_4990ae2196614cfebcee388ec3c937ea","parentId":"wrk_788973848ed04c71b9a66e4872b1dc38","modified":1699905130495,"created":1699820264496,"url":"http://localhost:3000/updateraca","name":"/updateraca","description":"","method":"PUT","body":{"mimeType":"application/json","text":""},"parameters":[],"headers":[{"name":"Content-Type","value":"application/json"}],"authentication":{},"metaSortKey":-1699820264496,"isPrivate":false,"settingStoreCookies":true,"settingSendCookies":true,"settingDisableRenderRequestBody":false,"settingEncodeUrl":true,"settingRebuildPath":true,"settingFollowRedirects":"global","_type":"request"},{"_id":"req_bd577c5dabcd4b78830fee188428ce96","parentId":"wrk_788973848ed04c71b9a66e4872b1dc38","modified":1699820443207,"created":1699820279421,"url":"http://localhost:3000/deleteraca/","name":"/deleteraca","description":"","method":"DELETE","body":{},"parameters":[],"headers":[],"authentication":{},"metaSortKey":-1699820279421,"isPrivate":false,"settingStoreCookies":true,"settingSendCookies":true,"settingDisableRenderRequestBody":false,"settingEncodeUrl":true,"settingRebuildPath":true,"settingFollowRedirects":"global","_type":"request"},{"_id":"req_2f3b7eb3beb94df48d6448970cc9f692","parentId":"wrk_788973848ed04c71b9a66e4872b1dc38","modified":1699905515478,"created":1699820312886,"url":"http://localhost:3000/listvenda","name":"/listvenda","description":"","method":"GET","body":{},"parameters":[],"headers":[],"authentication":{},"metaSortKey":-1699820312886,"isPrivate":false,"settingStoreCookies":true,"settingSendCookies":true,"settingDisableRenderRequestBody":false,"settingEncodeUrl":true,"settingRebuildPath":true,"settingFollowRedirects":"global","_type":"request"},{"_id":"req_6317b7b10a3944459058e22985c312f3","parentId":"wrk_788973848ed04c71b9a66e4872b1dc38","modified":1699905021147,"created":1699820328785,"url":"http://localhost:3000/venda/store","name":"/venda/store","description":"","method":"POST","body":{"mimeType":"application/json","text":"{\"observacao\": \"venda de um pastor alemão\",\n\"valor_total\": \"1200\",\n\"data_compra\": \"13/11/2023\",\n \"pagamento\": \"1\",\n \"cliente\": \"12385878997\",\n \"funcionario\": \"12345678918\",\n \"pet\": [{\n\t \"id\": 1\n }]\n}\n\n\n"},"parameters":[],"headers":[{"name":"Content-Type","value":"application/json"}],"authentication":{},"metaSortKey":-1699820328785,"isPrivate":false,"settingStoreCookies":true,"settingSendCookies":true,"settingDisableRenderRequestBody":false,"settingEncodeUrl":true,"settingRebuildPath":true,"settingFollowRedirects":"global","_type":"request"},{"_id":"req_3fc23c9c35a74b5e940962a55ff14eaf","parentId":"wrk_788973848ed04c71b9a66e4872b1dc38","modified":1699905375984,"created":1699820339912,"url":"http://localhost:3000/updatevenda","name":"/updatevenda","description":"","method":"PUT","body":{"mimeType":"application/json","text":"{ \"id\": 1,\n\t\"observacao\": \"venda de um dalmata\",\n\"valor_total\": \"1200\",\n\"data_compra\": \"13/11/2023\",\n \"pagamento\": \"1\",\n \"cliente\": \"12385878997\",\n \"funcionario\": \"12345678918\",\n \"pet\": [{\n\t \"id\": 1\n }]\n}"},"parameters":[],"headers":[{"name":"Content-Type","value":"application/json"}],"authentication":{},"metaSortKey":-1699820339912,"isPrivate":false,"settingStoreCookies":true,"settingSendCookies":true,"settingDisableRenderRequestBody":false,"settingEncodeUrl":true,"settingRebuildPath":true,"settingFollowRedirects":"global","_type":"request"},{"_id":"req_3248c9d9b6f44deab84574fe83aaa722","parentId":"wrk_788973848ed04c71b9a66e4872b1dc38","modified":1699820387341,"created":1699820351003,"url":"http://localhost:3000/deletevenda/","name":"/deletevenda","description":"","method":"DELETE","body":{},"parameters":[],"headers":[],"authentication":{},"metaSortKey":-1699820351003,"isPrivate":false,"settingStoreCookies":true,"settingSendCookies":true,"settingDisableRenderRequestBody":false,"settingEncodeUrl":true,"settingRebuildPath":true,"settingFollowRedirects":"global","_type":"request"},{"_id":"req_20a148b0eaf84a0890e83d2a50b3e003","parentId":"wrk_788973848ed04c71b9a66e4872b1dc38","modified":1699841682131,"created":1699839790324,"url":"http://localhost:3000/funcionario/store","name":"/funcionario/store","description":"","method":"POST","body":{"mimeType":"application/json","text":"\n{\"cpf\": \"12345678918\",\n\"rg\": \"1234568\",\n\"nome\": \"Arrombado\",\n\"numero_celular\": \"54981140367\",\n\"email\": \"fsikora@gmail.com\",\n\"data_nascimento\": \"25/02/2006\",\n\"endereco\": \"rua guarani,117\",\n\"cep\": \"12345678\",\n\"complemento\": \"casa\",\n\"ctps\": \"12345679\",\n\"pis\": \"12345678910\",\n\"senha\": \"teste\"}"},"parameters":[],"headers":[{"name":"Content-Type","value":"application/json"}],"authentication":{},"metaSortKey":-1697723992728.75,"isPrivate":false,"settingStoreCookies":true,"settingSendCookies":true,"settingDisableRenderRequestBody":false,"settingEncodeUrl":true,"settingRebuildPath":true,"settingFollowRedirects":"global","_type":"request"},{"_id":"req_4a0adbcace25497b83e03ce490932450","parentId":"wrk_788973848ed04c71b9a66e4872b1dc38","modified":1699903874940,"created":1699840583898,"url":"http://localhost:3000/listfuncionario","name":"/listfuncionario","description":"","method":"GET","body":{},"parameters":[],"headers":[],"authentication":{},"metaSortKey":-1695631810624.5,"isPrivate":false,"settingStoreCookies":true,"settingSendCookies":true,"settingDisableRenderRequestBody":false,"settingEncodeUrl":true,"settingRebuildPath":true,"settingFollowRedirects":"global","_type":"request"},{"_id":"req_84d8ad2daa2f4a68b3f2e2ed5df8f827","parentId":"wrk_788973848ed04c71b9a66e4872b1dc38","modified":1699905883132,"created":1699841486671,"url":"http://localhost:3000/findpessoa/12385878997","name":"/findpessoa","description":"","method":"GET","body":{},"parameters":[],"headers":[],"authentication":{},"metaSortKey":-1699816229671.0625,"isPrivate":false,"settingStoreCookies":true,"settingSendCookies":true,"settingDisableRenderRequestBody":false,"settingEncodeUrl":true,"settingRebuildPath":true,"settingFollowRedirects":"global","_type":"request"},{"_id":"req_703f5ea7543b4340bef7e5183252b1e0","parentId":"wrk_788973848ed04c71b9a66e4872b1dc38","modified":1699903896777,"created":1699842312913,"url":"http://localhost:3000/cliente/store","name":"/cliente/store","description":"","method":"POST","body":{"mimeType":"application/json","text":"\n{\"cpf\": \"12385878997\",\n\"rg\": \"1234568\",\n\"nome\": \"arnaldo\",\n\"numero_celular\": \"54981140367\",\n\"email\": \"fsikora@gmail.com\",\n\"data_nascimento\": \"25/02/2006\",\n\"endereco\": \"rua guarani,117\",\n\"cep\": \"12345678\",\n\"complemento\": \"casa\",\n\"data_cadastro\": \"12/11/2023\"}"},"parameters":[],"headers":[{"name":"Content-Type","value":"application/json"}],"authentication":{},"metaSortKey":-1699816208579.5,"isPrivate":false,"settingStoreCookies":true,"settingSendCookies":true,"settingDisableRenderRequestBody":false,"settingEncodeUrl":true,"settingRebuildPath":true,"settingFollowRedirects":"global","_type":"request"},{"_id":"req_46fb13fc78f748d4b100ab4635ce3a6e","parentId":"wrk_788973848ed04c71b9a66e4872b1dc38","modified":1699903869421,"created":1699842674182,"url":"http://localhost:3000/listcliente","name":"/listcliente","description":"","method":"GET","body":{},"parameters":[],"headers":[],"authentication":{},"metaSortKey":-1698770100654.125,"isPrivate":false,"settingStoreCookies":true,"settingSendCookies":true,"settingDisableRenderRequestBody":false,"settingEncodeUrl":true,"settingRebuildPath":true,"settingFollowRedirects":"global","_type":"request"},{"_id":"req_e37c13a981994701b5b6083ca74087e7","parentId":"wrk_788973848ed04c71b9a66e4872b1dc38","modified":1699905520215,"created":1699905500556,"url":"http://localhost:3000/findvenda/1","name":"/findvenda","description":"","method":"GET","body":{},"parameters":[],"headers":[],"authentication":{},"metaSortKey":-1699820296153.5,"isPrivate":false,"settingStoreCookies":true,"settingSendCookies":true,"settingDisableRenderRequestBody":false,"settingEncodeUrl":true,"settingRebuildPath":true,"settingFollowRedirects":"global","_type":"request"},{"_id":"req_38f2d0922a8f49d18268f15f196c0ee8","parentId":"wrk_788973848ed04c71b9a66e4872b1dc38","modified":1699905770248,"created":1699905675244,"url":"http://localhost:3000/loginfuncionario","name":"/loginfuncionario","description":"","method":"POST","body":{"mimeType":"application/json","text":"\n{\"cpf\": \"12345678918\",\n\"senha\": \"test\"}"},"parameters":[],"headers":[{"name":"Content-Type","value":"application/json"}],"authentication":{},"metaSortKey":-1696677901676.625,"isPrivate":false,"settingStoreCookies":true,"settingSendCookies":true,"settingDisableRenderRequestBody":false,"settingEncodeUrl":true,"settingRebuildPath":true,"settingFollowRedirects":"global","_type":"request"},{"_id":"env_24433e73024a4690bbcbb78b9c18da27","parentId":"wrk_788973848ed04c71b9a66e4872b1dc38","modified":1699815884654,"created":1699815884654,"name":"Base Environment","data":{},"dataPropertyOrder":null,"color":null,"isPrivate":false,"metaSortKey":1699815884654,"_type":"environment"},{"_id":"jar_5ac817b4592747268056ca1a3ea75ef8","parentId":"wrk_788973848ed04c71b9a66e4872b1dc38","modified":1699815884657,"created":1699815884657,"name":"Default Jar","cookies":[],"_type":"cookie_jar"}]}