{"_type":"export","__export_format":4,"__export_date":"2023-11-19T20:18:56.277Z","__export_source":"insomnia.desktop.app:v2023.4.0","resources":[{"_id":"req_701d7689ed044b5bb22db376697e98b8","parentId":"wrk_8fa09e9312a440f4919779c2621f9377","modified":1700424571109,"created":1699820339912,"url":"http://localhost:3000/updatevenda","name":"/updatevenda","description":"","method":"PUT","body":{"mimeType":"application/json","text":"{ \"id\": 12,\n\t\"observacao\": \"venda de um dalmata\",\n\"valor_total\": \"1200\",\n\"data_compra\": \"13/11/2023\",\n \"pagamento\": \"1\",\n \"cliente\": \"12385878997\",\n \"funcionario\": \"12345678918\",\n \"pet\": [{\n\t \"id\": 1\n }]\n}"},"parameters":[],"headers":[{"name":"Content-Type","value":"application/json"}],"authentication":{},"metaSortKey":-1699820339912,"isPrivate":false,"settingStoreCookies":true,"settingSendCookies":true,"settingDisableRenderRequestBody":false,"settingEncodeUrl":true,"settingRebuildPath":true,"settingFollowRedirects":"global","_type":"request"},{"_id":"wrk_8fa09e9312a440f4919779c2621f9377","parentId":null,"modified":1700421818975,"created":1700421809564,"name":"trabalho_pets_att","description":"","scope":"collection","_type":"workspace"},{"_id":"req_2fee4526701d47e19c5418e1197c66d0","parentId":"wrk_8fa09e9312a440f4919779c2621f9377","modified":1700424551225,"created":1700424537737,"url":"http://localhost:3000/deletevenda/11","name":"/deletevenda","description":"","method":"DELETE","body":{},"parameters":[],"headers":[],"authentication":{},"metaSortKey":-1699820334348.5,"isPrivate":false,"settingStoreCookies":true,"settingSendCookies":true,"settingDisableRenderRequestBody":false,"settingEncodeUrl":true,"settingRebuildPath":true,"settingFollowRedirects":"global","_type":"request"},{"_id":"req_04718aa173d4483dadd870e9911c1659","parentId":"wrk_8fa09e9312a440f4919779c2621f9377","modified":1700423351405,"created":1699820328785,"url":"http://localhost:3000/venda/store","name":"/venda/store","description":"","method":"POST","body":{"mimeType":"application/json","text":"{\"observacao\": \"venda de um pastor alemão\",\n\"valor_total\": \"1200\",\n\"data_compra\": \"13/11/2023\",\n\"Pagamento\": \"1\",\n \"Cliente\": \"12345678997\",\n \"Funcionario\": \"12345678916\",\n \"Pet\": [{\n\t \"id\": 3\n }]\n}\n\n\n"},"parameters":[],"headers":[{"name":"Content-Type","value":"application/json"}],"authentication":{},"metaSortKey":-1699820328785,"isPrivate":false,"settingStoreCookies":true,"settingSendCookies":true,"settingDisableRenderRequestBody":false,"settingEncodeUrl":true,"settingRebuildPath":true,"settingFollowRedirects":"global","_type":"request"},{"_id":"req_cc69a770adc246cd86d1e6f260c41daa","parentId":"wrk_8fa09e9312a440f4919779c2621f9377","modified":1699905515478,"created":1699820312886,"url":"http://localhost:3000/listvenda","name":"/listvenda","description":"","method":"GET","body":{},"parameters":[],"headers":[],"authentication":{},"metaSortKey":-1699820312886,"isPrivate":false,"settingStoreCookies":true,"settingSendCookies":true,"settingDisableRenderRequestBody":false,"settingEncodeUrl":true,"settingRebuildPath":true,"settingFollowRedirects":"global","_type":"request"},{"_id":"req_ac77f99b7f844532b572c1f3000be203","parentId":"wrk_8fa09e9312a440f4919779c2621f9377","modified":1699905520215,"created":1699905500556,"url":"http://localhost:3000/findvenda/1","name":"/findvenda","description":"","method":"GET","body":{},"parameters":[],"headers":[],"authentication":{},"metaSortKey":-1699820296153.5,"isPrivate":false,"settingStoreCookies":true,"settingSendCookies":true,"settingDisableRenderRequestBody":false,"settingEncodeUrl":true,"settingRebuildPath":true,"settingFollowRedirects":"global","_type":"request"},{"_id":"req_b90314e03b1542279e36bff31813ffa9","parentId":"wrk_8fa09e9312a440f4919779c2621f9377","modified":1699820443207,"created":1699820279421,"url":"http://localhost:3000/deleteraca/","name":"/deleteraca","description":"","method":"DELETE","body":{},"parameters":[],"headers":[],"authentication":{},"metaSortKey":-1699820279421,"isPrivate":false,"settingStoreCookies":true,"settingSendCookies":true,"settingDisableRenderRequestBody":false,"settingEncodeUrl":true,"settingRebuildPath":true,"settingFollowRedirects":"global","_type":"request"},{"_id":"req_f52ee7c3730641bfbcc338d6b6463f5c","parentId":"wrk_8fa09e9312a440f4919779c2621f9377","modified":1699905130495,"created":1699820264496,"url":"http://localhost:3000/updateraca","name":"/updateraca","description":"","method":"PUT","body":{"mimeType":"application/json","text":""},"parameters":[],"headers":[{"name":"Content-Type","value":"application/json"}],"authentication":{},"metaSortKey":-1699820264496,"isPrivate":false,"settingStoreCookies":true,"settingSendCookies":true,"settingDisableRenderRequestBody":false,"settingEncodeUrl":true,"settingRebuildPath":true,"settingFollowRedirects":"global","_type":"request"},{"_id":"req_2bf5caafdaef45d7accc530c3d72aa9f","parentId":"wrk_8fa09e9312a440f4919779c2621f9377","modified":1699904289259,"created":1699820252341,"url":"http://localhost:3000/raca/store","name":"/raca/store","description":"","method":"POST","body":{"mimeType":"application/json","text":"{\"nome\": \"dalmata\"}"},"parameters":[],"headers":[{"name":"Content-Type","value":"application/json"}],"authentication":{},"metaSortKey":-1699820252341,"isPrivate":false,"settingStoreCookies":true,"settingSendCookies":true,"settingDisableRenderRequestBody":false,"settingEncodeUrl":true,"settingRebuildPath":true,"settingFollowRedirects":"global","_type":"request"},{"_id":"req_55bd5e9627e2492491422949752bab02","parentId":"wrk_8fa09e9312a440f4919779c2621f9377","modified":1699820487210,"created":1699820232291,"url":"http://localhost:3000/listraca","name":"/listraca","description":"","method":"GET","body":{},"parameters":[],"headers":[],"authentication":{},"metaSortKey":-1699820232291,"isPrivate":false,"settingStoreCookies":true,"settingSendCookies":true,"settingDisableRenderRequestBody":false,"settingEncodeUrl":true,"settingRebuildPath":true,"settingFollowRedirects":"global","_type":"request"},{"_id":"req_8caffcdf3a0f4ec6a42e01750906074b","parentId":"wrk_8fa09e9312a440f4919779c2621f9377","modified":1699967229317,"created":1699820201942,"url":"http://localhost:3000/deletepet/2","name":"/deletepet","description":"","method":"DELETE","body":{},"parameters":[],"headers":[],"authentication":{},"metaSortKey":-1699820201942,"isPrivate":false,"settingStoreCookies":true,"settingSendCookies":true,"settingDisableRenderRequestBody":false,"settingEncodeUrl":true,"settingRebuildPath":true,"settingFollowRedirects":"global","_type":"request"},{"_id":"req_faa873220863445c95e4fb6b7be349ec","parentId":"wrk_8fa09e9312a440f4919779c2621f9377","modified":1699967865209,"created":1699820187604,"url":"http://localhost:3000/updatepet","name":"/updatepet","description":"","method":"PUT","body":{"mimeType":"application/json","text":"{\"id\": 1,\n\t\"valor\": \"1300\",\n\"quantidade\": \"1\",\n\"raca\": \"1\"}\n\n"},"parameters":[],"headers":[{"name":"Content-Type","value":"application/json"}],"authentication":{},"metaSortKey":-1699820187604,"isPrivate":false,"settingStoreCookies":true,"settingSendCookies":true,"settingDisableRenderRequestBody":false,"settingEncodeUrl":true,"settingRebuildPath":true,"settingFollowRedirects":"global","_type":"request"},{"_id":"req_8d45bc0f33154b1192c6810a40204f9e","parentId":"wrk_8fa09e9312a440f4919779c2621f9377","modified":1700424987246,"created":1699820165864,"url":"http://localhost:3000/pet/store","name":"/pet/store","description":"","method":"POST","body":{"mimeType":"application/json","text":"{\"valor\": \"1200\",\n\"quantidade\": \"1\",\n\"Raca\": \"1\"}\n\n"},"parameters":[],"headers":[{"name":"Content-Type","value":"application/json"}],"authentication":{},"metaSortKey":-1699820165864,"isPrivate":false,"settingStoreCookies":true,"settingSendCookies":true,"settingDisableRenderRequestBody":false,"settingEncodeUrl":true,"settingRebuildPath":true,"settingFollowRedirects":"global","_type":"request"},{"_id":"req_87f76103b7424269bb0c760e82b6d261","parentId":"wrk_8fa09e9312a440f4919779c2621f9377","modified":1699820525547,"created":1699820081843,"url":"http://localhost:3000/listpet","name":"/listpet","description":"","method":"GET","body":{},"parameters":[],"headers":[],"authentication":{},"metaSortKey":-1699820081843,"isPrivate":false,"settingStoreCookies":true,"settingSendCookies":true,"settingDisableRenderRequestBody":false,"settingEncodeUrl":true,"settingRebuildPath":true,"settingFollowRedirects":"global","_type":"request"},{"_id":"req_7214a9bb328c48b88cb1dde4bd1c18b3","parentId":"wrk_8fa09e9312a440f4919779c2621f9377","modified":1699968694430,"created":1699820037717,"url":"http://localhost:3000/deletepagamento/2","name":"/deletepagamento","description":"","method":"DELETE","body":{},"parameters":[],"headers":[],"authentication":{},"metaSortKey":-1699820037717,"isPrivate":false,"settingStoreCookies":true,"settingSendCookies":true,"settingDisableRenderRequestBody":false,"settingEncodeUrl":true,"settingRebuildPath":true,"settingFollowRedirects":"global","_type":"request"},{"_id":"req_375e7357383e426ca09aeb2ce64476a3","parentId":"wrk_8fa09e9312a440f4919779c2621f9377","modified":1699968679069,"created":1699820019926,"url":"http://localhost:3000/updatepagamento","name":"/updatepagamento","description":"","method":"PUT","body":{"mimeType":"application/json","text":"{ \"id\": 1,\n\t\"forma_pagamento\": \"cartao_debito\"}"},"parameters":[],"headers":[{"name":"Content-Type","value":"application/json"}],"authentication":{},"metaSortKey":-1699820019926,"isPrivate":false,"settingStoreCookies":true,"settingSendCookies":true,"settingDisableRenderRequestBody":false,"settingEncodeUrl":true,"settingRebuildPath":true,"settingFollowRedirects":"global","_type":"request"},{"_id":"req_6957529d00f14b3dafe696bd030baeb3","parentId":"wrk_8fa09e9312a440f4919779c2621f9377","modified":1699903781321,"created":1699820001642,"url":"http://localhost:3000/pagamento/store","name":"/pagamento/store","description":"","method":"POST","body":{"mimeType":"application/json","text":"{\"forma_pagamento\": \"dinheiro\"}"},"parameters":[],"headers":[{"name":"Content-Type","value":"application/json"}],"authentication":{},"metaSortKey":-1699820001642,"isPrivate":false,"settingStoreCookies":true,"settingSendCookies":true,"settingDisableRenderRequestBody":false,"settingEncodeUrl":true,"settingRebuildPath":true,"settingFollowRedirects":"global","_type":"request"},{"_id":"req_f91278536b234942bfa6c19542b58988","parentId":"wrk_8fa09e9312a440f4919779c2621f9377","modified":1699820573021,"created":1699819985868,"url":"http://localhost:3000/listpagamento","name":"/listpagamento","description":"","method":"GET","body":{},"parameters":[],"headers":[],"authentication":{},"metaSortKey":-1699819985868,"isPrivate":false,"settingStoreCookies":true,"settingSendCookies":true,"settingDisableRenderRequestBody":false,"settingEncodeUrl":true,"settingRebuildPath":true,"settingFollowRedirects":"global","_type":"request"},{"_id":"req_e904e4f603044ab6881155ee65cc052f","parentId":"wrk_8fa09e9312a440f4919779c2621f9377","modified":1700424604059,"created":1700424187857,"url":"http://localhost:3000/deletecliente/","name":"/deletecliente","description":"","method":"DELETE","body":{},"parameters":[],"headers":[],"authentication":{},"metaSortKey":-1699819041545.875,"isPrivate":false,"settingStoreCookies":true,"settingSendCookies":true,"settingDisableRenderRequestBody":false,"settingEncodeUrl":true,"settingRebuildPath":true,"settingFollowRedirects":"global","_type":"request"},{"_id":"req_dd34406bc6d943848ffb4425e64447fc","parentId":"wrk_8fa09e9312a440f4919779c2621f9377","modified":1700424596460,"created":1700424144706,"url":"http://localhost:3000/updatecliente","name":"/updatecliente","description":"","method":"PUT","body":{"mimeType":"application/json","text":""},"parameters":[],"headers":[{"name":"Content-Type","value":"application/json"}],"authentication":{},"metaSortKey":-1699818097223.75,"isPrivate":false,"settingStoreCookies":true,"settingSendCookies":true,"settingDisableRenderRequestBody":false,"settingEncodeUrl":true,"settingRebuildPath":true,"settingFollowRedirects":"global","_type":"request"},{"_id":"req_ec51307b66cd481fb13754b78ffc72d3","parentId":"wrk_8fa09e9312a440f4919779c2621f9377","modified":1699903896777,"created":1699842312913,"url":"http://localhost:3000/cliente/store","name":"/cliente/store","description":"","method":"POST","body":{"mimeType":"application/json","text":"\n{\"cpf\": \"12385878997\",\n\"rg\": \"1234568\",\n\"nome\": \"arnaldo\",\n\"numero_celular\": \"54981140367\",\n\"email\": \"fsikora@gmail.com\",\n\"data_nascimento\": \"25/02/2006\",\n\"endereco\": \"rua guarani,117\",\n\"cep\": \"12345678\",\n\"complemento\": \"casa\",\n\"data_cadastro\": \"12/11/2023\"}"},"parameters":[],"headers":[{"name":"Content-Type","value":"application/json"}],"authentication":{},"metaSortKey":-1699816208579.5,"isPrivate":false,"settingStoreCookies":true,"settingSendCookies":true,"settingDisableRenderRequestBody":false,"settingEncodeUrl":true,"settingRebuildPath":true,"settingFollowRedirects":"global","_type":"request"},{"_id":"req_d91530e270684f669783757051781ce2","parentId":"wrk_8fa09e9312a440f4919779c2621f9377","modified":1699903869421,"created":1699842674182,"url":"http://localhost:3000/listcliente","name":"/listcliente","description":"","method":"GET","body":{},"parameters":[],"headers":[],"authentication":{},"metaSortKey":-1698770100654.125,"isPrivate":false,"settingStoreCookies":true,"settingSendCookies":true,"settingDisableRenderRequestBody":false,"settingEncodeUrl":true,"settingRebuildPath":true,"settingFollowRedirects":"global","_type":"request"},{"_id":"req_ca2cdda9d41d428d9422b3cf7484b856","parentId":"wrk_8fa09e9312a440f4919779c2621f9377","modified":1700424679303,"created":1700424174300,"url":"http://localhost:3000/deletefuncionario/12345678918","name":"/deletefuncionario","description":"","method":"DELETE","body":{},"parameters":[],"headers":[],"authentication":{},"metaSortKey":-1698508573672.7812,"isPrivate":false,"settingStoreCookies":true,"settingSendCookies":true,"settingDisableRenderRequestBody":false,"settingEncodeUrl":true,"settingRebuildPath":true,"settingFollowRedirects":"global","_type":"request"},{"_id":"req_4a3784360ca8415c8e5ab9e7d8b2260d","parentId":"wrk_8fa09e9312a440f4919779c2621f9377","modified":1700424641730,"created":1700424161865,"url":"http://localhost:3000/updatefuncionario","name":"/updatefuncionario","description":"","method":"PUT","body":{"mimeType":"application/json","text":"{\"cpf\": \"12345678918\",\n\"rg\": \"1234568\",\n\"nome\": \"pantanal\",\n\"numero_celular\": \"54981140367\",\n\"email\": \"fsikora@gmail.com\",\n\"data_nascimento\": \"25/02/2006\",\n\"endereco\": \"rua guarani,117\",\n\"cep\": \"12345678\",\n\"complemento\": \"casa\",\n\"ctps\": \"12345679\",\n\"pis\": \"12345678910\",\n\"senha\": \"teste\"}"},"parameters":[],"headers":[{"name":"Content-Type","value":"application/json"}],"authentication":{},"metaSortKey":-1698247046691.4375,"isPrivate":false,"settingStoreCookies":true,"settingSendCookies":true,"settingDisableRenderRequestBody":false,"settingEncodeUrl":true,"settingRebuildPath":true,"settingFollowRedirects":"global","_type":"request"},{"_id":"req_050fe663a7de4e4eb826ab720fa1d0b0","parentId":"wrk_8fa09e9312a440f4919779c2621f9377","modified":1699841682131,"created":1699839790324,"url":"http://localhost:3000/funcionario/store","name":"/funcionario/store","description":"","method":"POST","body":{"mimeType":"application/json","text":"\n{\"cpf\": \"12345678918\",\n\"rg\": \"1234568\",\n\"nome\": \"Arrombado\",\n\"numero_celular\": \"54981140367\",\n\"email\": \"fsikora@gmail.com\",\n\"data_nascimento\": \"25/02/2006\",\n\"endereco\": \"rua guarani,117\",\n\"cep\": \"12345678\",\n\"complemento\": \"casa\",\n\"ctps\": \"12345679\",\n\"pis\": \"12345678910\",\n\"senha\": \"teste\"}"},"parameters":[],"headers":[{"name":"Content-Type","value":"application/json"}],"authentication":{},"metaSortKey":-1697723992728.75,"isPrivate":false,"settingStoreCookies":true,"settingSendCookies":true,"settingDisableRenderRequestBody":false,"settingEncodeUrl":true,"settingRebuildPath":true,"settingFollowRedirects":"global","_type":"request"},{"_id":"req_31a035c3c9b6445196e59b775720462e","parentId":"wrk_8fa09e9312a440f4919779c2621f9377","modified":1700424119625,"created":1699905675244,"url":"http://localhost:3000/loginfuncionario","name":"/loginfuncionario","description":"","method":"POST","body":{"mimeType":"application/json","text":"\n{\"cpf\": \"12345678916\",\n\"senha\": \"teste\"}"},"parameters":[],"headers":[{"name":"Content-Type","value":"application/json"}],"authentication":{},"metaSortKey":-1696677901676.625,"isPrivate":false,"settingStoreCookies":true,"settingSendCookies":true,"settingDisableRenderRequestBody":false,"settingEncodeUrl":true,"settingRebuildPath":true,"settingFollowRedirects":"global","_type":"request"},{"_id":"req_a2fe01c12b3042faac6b20727b8e232e","parentId":"wrk_8fa09e9312a440f4919779c2621f9377","modified":1699903874940,"created":1699840583898,"url":"http://localhost:3000/listfuncionario","name":"/listfuncionario","description":"","method":"GET","body":{},"parameters":[],"headers":[],"authentication":{},"metaSortKey":-1695631810624.5,"isPrivate":false,"settingStoreCookies":true,"settingSendCookies":true,"settingDisableRenderRequestBody":false,"settingEncodeUrl":true,"settingRebuildPath":true,"settingFollowRedirects":"global","_type":"request"},{"_id":"env_753c290c86de4499a5c402d716e03ad2","parentId":"wrk_8fa09e9312a440f4919779c2621f9377","modified":1699815884654,"created":1699815884654,"name":"Base Environment","data":{},"dataPropertyOrder":null,"color":null,"isPrivate":false,"metaSortKey":1699815884654,"_type":"environment"},{"_id":"jar_e427639b320547baac8df0dd6e88f8ca","parentId":"wrk_8fa09e9312a440f4919779c2621f9377","modified":1699815884657,"created":1699815884657,"name":"Default Jar","cookies":[],"_type":"cookie_jar"}]}