{"_type":"export","__export_format":4,"__export_date":"2023-12-04T19:00:37.391Z","__export_source":"insomnia.desktop.app:v8.4.5","resources":[{"_id":"req_759c3d1ec7db48c0ae7062b0f4a1f4a3","parentId":"wrk_1f3e9698450a4e6a824e76d10ee0c5d2","modified":1700424571109,"created":1699820339912,"url":"http://localhost:3000/updatevenda","name":"/updatevenda","description":"","method":"PUT","body":{"mimeType":"application/json","text":"{ \"id\": 12,\n\t\"observacao\": \"venda de um dalmata\",\n\"valor_total\": \"1200\",\n\"data_compra\": \"13/11/2023\",\n \"pagamento\": \"1\",\n \"cliente\": \"12385878997\",\n \"funcionario\": \"12345678918\",\n \"pet\": [{\n\t \"id\": 1\n }]\n}"},"parameters":[],"headers":[{"name":"Content-Type","value":"application/json"}],"authentication":{},"metaSortKey":-1699820339912,"isPrivate":false,"settingStoreCookies":true,"settingSendCookies":true,"settingDisableRenderRequestBody":false,"settingEncodeUrl":true,"settingRebuildPath":true,"settingFollowRedirects":"global","_type":"request"},{"_id":"wrk_1f3e9698450a4e6a824e76d10ee0c5d2","parentId":null,"modified":1701692921203,"created":1701692921203,"name":"trabalho_pets_att","description":"","scope":"collection","_type":"workspace"},{"_id":"req_510fcf43aeb842878f2bff14b35f8149","parentId":"wrk_1f3e9698450a4e6a824e76d10ee0c5d2","modified":1700424551225,"created":1700424537737,"url":"http://localhost:3000/deletevenda/11","name":"/deletevenda","description":"","method":"DELETE","body":{},"parameters":[],"headers":[],"authentication":{},"metaSortKey":-1699820334348.5,"isPrivate":false,"settingStoreCookies":true,"settingSendCookies":true,"settingDisableRenderRequestBody":false,"settingEncodeUrl":true,"settingRebuildPath":true,"settingFollowRedirects":"global","_type":"request"},{"_id":"req_4d38385760404bd6a3957f8b7de16244","parentId":"wrk_1f3e9698450a4e6a824e76d10ee0c5d2","modified":1701698726152,"created":1699820328785,"url":"http://localhost:3000/insertvenda","name":"/venda/store","description":"","method":"POST","body":{"mimeType":"application/json","text":"{\"observacao\": \"venda de um pastor alemão\",\n\"valor_total\": \"1200\",\n\"data_compra\": \"13/11/2023\",\n\"Pagamento\": \"1\",\n \"Cliente\": \"12385878997\",\n \"Funcionario\": \"23432\",\n \"Pet\": [{\n\t \"id\": 3\n }]\n}\n\n\n"},"parameters":[],"headers":[{"name":"Content-Type","value":"application/json"}],"authentication":{},"metaSortKey":-1699820328785,"isPrivate":false,"settingStoreCookies":true,"settingSendCookies":true,"settingDisableRenderRequestBody":false,"settingEncodeUrl":true,"settingRebuildPath":true,"settingFollowRedirects":"global","_type":"request"},{"_id":"req_0f84e0b1a40a4085b4a2c50accb3c047","parentId":"wrk_1f3e9698450a4e6a824e76d10ee0c5d2","modified":1699905515478,"created":1699820312886,"url":"http://localhost:3000/listvenda","name":"/listvenda","description":"","method":"GET","body":{},"parameters":[],"headers":[],"authentication":{},"metaSortKey":-1699820312886,"isPrivate":false,"settingStoreCookies":true,"settingSendCookies":true,"settingDisableRenderRequestBody":false,"settingEncodeUrl":true,"settingRebuildPath":true,"settingFollowRedirects":"global","_type":"request"},{"_id":"req_2556a16578fd46c2ad0d222f056fc0ed","parentId":"wrk_1f3e9698450a4e6a824e76d10ee0c5d2","modified":1699905520215,"created":1699905500556,"url":"http://localhost:3000/findvenda/1","name":"/findvenda","description":"","method":"GET","body":{},"parameters":[],"headers":[],"authentication":{},"metaSortKey":-1699820296153.5,"isPrivate":false,"settingStoreCookies":true,"settingSendCookies":true,"settingDisableRenderRequestBody":false,"settingEncodeUrl":true,"settingRebuildPath":true,"settingFollowRedirects":"global","_type":"request"},{"_id":"req_d4f7ba94cabb49e596388f44f1db2851","parentId":"wrk_1f3e9698450a4e6a824e76d10ee0c5d2","modified":1699820443207,"created":1699820279421,"url":"http://localhost:3000/deleteraca/","name":"/deleteraca","description":"","method":"DELETE","body":{},"parameters":[],"headers":[],"authentication":{},"metaSortKey":-1699820279421,"isPrivate":false,"settingStoreCookies":true,"settingSendCookies":true,"settingDisableRenderRequestBody":false,"settingEncodeUrl":true,"settingRebuildPath":true,"settingFollowRedirects":"global","_type":"request"},{"_id":"req_e715c47f8c6f464a820234d7eb9ba2c5","parentId":"wrk_1f3e9698450a4e6a824e76d10ee0c5d2","modified":1699905130495,"created":1699820264496,"url":"http://localhost:3000/updateraca","name":"/updateraca","description":"","method":"PUT","body":{"mimeType":"application/json","text":""},"parameters":[],"headers":[{"name":"Content-Type","value":"application/json"}],"authentication":{},"metaSortKey":-1699820264496,"isPrivate":false,"settingStoreCookies":true,"settingSendCookies":true,"settingDisableRenderRequestBody":false,"settingEncodeUrl":true,"settingRebuildPath":true,"settingFollowRedirects":"global","_type":"request"},{"_id":"req_31b87556332444439666c55ce3dfe007","parentId":"wrk_1f3e9698450a4e6a824e76d10ee0c5d2","modified":1701693035018,"created":1699820252341,"url":"http://localhost:3000/insertraca","name":"/raca/store","description":"","method":"POST","body":{"mimeType":"application/json","text":"{\"nome\": \"dalmata\"}"},"parameters":[],"headers":[{"name":"Content-Type","value":"application/json"}],"authentication":{},"metaSortKey":-1699820252341,"isPrivate":false,"settingStoreCookies":true,"settingSendCookies":true,"settingDisableRenderRequestBody":false,"settingEncodeUrl":true,"settingRebuildPath":true,"settingFollowRedirects":"global","_type":"request"},{"_id":"req_3992b363cbeb481c9462a94bf50d3bae","parentId":"wrk_1f3e9698450a4e6a824e76d10ee0c5d2","modified":1699820487210,"created":1699820232291,"url":"http://localhost:3000/listraca","name":"/listraca","description":"","method":"GET","body":{},"parameters":[],"headers":[],"authentication":{},"metaSortKey":-1699820232291,"isPrivate":false,"settingStoreCookies":true,"settingSendCookies":true,"settingDisableRenderRequestBody":false,"settingEncodeUrl":true,"settingRebuildPath":true,"settingFollowRedirects":"global","_type":"request"},{"_id":"req_ed43f789212d4812943c865551561e0b","parentId":"wrk_1f3e9698450a4e6a824e76d10ee0c5d2","modified":1699967229317,"created":1699820201942,"url":"http://localhost:3000/deletepet/2","name":"/deletepet","description":"","method":"DELETE","body":{},"parameters":[],"headers":[],"authentication":{},"metaSortKey":-1699820201942,"isPrivate":false,"settingStoreCookies":true,"settingSendCookies":true,"settingDisableRenderRequestBody":false,"settingEncodeUrl":true,"settingRebuildPath":true,"settingFollowRedirects":"global","_type":"request"},{"_id":"req_fbc323a4b3ce42f6a5da3c48450b86e2","parentId":"wrk_1f3e9698450a4e6a824e76d10ee0c5d2","modified":1699967865209,"created":1699820187604,"url":"http://localhost:3000/updatepet","name":"/updatepet","description":"","method":"PUT","body":{"mimeType":"application/json","text":"{\"id\": 1,\n\t\"valor\": \"1300\",\n\"quantidade\": \"1\",\n\"raca\": \"1\"}\n\n"},"parameters":[],"headers":[{"name":"Content-Type","value":"application/json"}],"authentication":{},"metaSortKey":-1699820187604,"isPrivate":false,"settingStoreCookies":true,"settingSendCookies":true,"settingDisableRenderRequestBody":false,"settingEncodeUrl":true,"settingRebuildPath":true,"settingFollowRedirects":"global","_type":"request"},{"_id":"req_35c85e549a894eb983ae14c21690dcc8","parentId":"wrk_1f3e9698450a4e6a824e76d10ee0c5d2","modified":1701711153652,"created":1699820165864,"url":"http://localhost:3000/insertpet","name":"/pet/store","description":"","method":"POST","body":{"mimeType":"application/json","text":"{ \"indice\": \"\",\n  \"valor\": \"123\",\n  \"quantidade\": \"1\",\n  \"Raca\": { \"id\": 2, \"nome\": \"teste\" }}\n\n\n\n\n"},"parameters":[],"headers":[{"name":"Content-Type","value":"application/json"}],"authentication":{},"metaSortKey":-1699820165864,"isPrivate":false,"settingStoreCookies":true,"settingSendCookies":true,"settingDisableRenderRequestBody":false,"settingEncodeUrl":true,"settingRebuildPath":true,"settingFollowRedirects":"global","_type":"request"},{"_id":"req_e16f7ae519c84098904955715b97d55d","parentId":"wrk_1f3e9698450a4e6a824e76d10ee0c5d2","modified":1699820525547,"created":1699820081843,"url":"http://localhost:3000/listpet","name":"/listpet","description":"","method":"GET","body":{},"parameters":[],"headers":[],"authentication":{},"metaSortKey":-1699820081843,"isPrivate":false,"settingStoreCookies":true,"settingSendCookies":true,"settingDisableRenderRequestBody":false,"settingEncodeUrl":true,"settingRebuildPath":true,"settingFollowRedirects":"global","_type":"request"},{"_id":"req_6165ea4f239948908fe41818ec1b9233","parentId":"wrk_1f3e9698450a4e6a824e76d10ee0c5d2","modified":1699968694430,"created":1699820037717,"url":"http://localhost:3000/deletepagamento/2","name":"/deletepagamento","description":"","method":"DELETE","body":{},"parameters":[],"headers":[],"authentication":{},"metaSortKey":-1699820037717,"isPrivate":false,"settingStoreCookies":true,"settingSendCookies":true,"settingDisableRenderRequestBody":false,"settingEncodeUrl":true,"settingRebuildPath":true,"settingFollowRedirects":"global","_type":"request"},{"_id":"req_efbcfc49958d4cafaae7225de7a20b36","parentId":"wrk_1f3e9698450a4e6a824e76d10ee0c5d2","modified":1699968679069,"created":1699820019926,"url":"http://localhost:3000/updatepagamento","name":"/updatepagamento","description":"","method":"PUT","body":{"mimeType":"application/json","text":"{ \"id\": 1,\n\t\"forma_pagamento\": \"cartao_debito\"}"},"parameters":[],"headers":[{"name":"Content-Type","value":"application/json"}],"authentication":{},"metaSortKey":-1699820019926,"isPrivate":false,"settingStoreCookies":true,"settingSendCookies":true,"settingDisableRenderRequestBody":false,"settingEncodeUrl":true,"settingRebuildPath":true,"settingFollowRedirects":"global","_type":"request"},{"_id":"req_e08574b96c92499791d4c2b9b8b6d915","parentId":"wrk_1f3e9698450a4e6a824e76d10ee0c5d2","modified":1701693011070,"created":1699820001642,"url":"http://localhost:3000/insertpagamento","name":"/pagamento/store","description":"","method":"POST","body":{"mimeType":"application/json","text":"{\"forma_pagamento\": \"dinheiro\"}"},"parameters":[],"headers":[{"name":"Content-Type","value":"application/json"}],"authentication":{},"metaSortKey":-1699820001642,"isPrivate":false,"settingStoreCookies":true,"settingSendCookies":true,"settingDisableRenderRequestBody":false,"settingEncodeUrl":true,"settingRebuildPath":true,"settingFollowRedirects":"global","_type":"request"},{"_id":"req_5e4b857b95584aabbc608f762b1d9060","parentId":"wrk_1f3e9698450a4e6a824e76d10ee0c5d2","modified":1699820573021,"created":1699819985868,"url":"http://localhost:3000/listpagamento","name":"/listpagamento","description":"","method":"GET","body":{},"parameters":[],"headers":[],"authentication":{},"metaSortKey":-1699819985868,"isPrivate":false,"settingStoreCookies":true,"settingSendCookies":true,"settingDisableRenderRequestBody":false,"settingEncodeUrl":true,"settingRebuildPath":true,"settingFollowRedirects":"global","_type":"request"},{"_id":"req_25089a6fb98745038c7f2f97ba74e134","parentId":"wrk_1f3e9698450a4e6a824e76d10ee0c5d2","modified":1700424604059,"created":1700424187857,"url":"http://localhost:3000/deletecliente/","name":"/deletecliente","description":"","method":"DELETE","body":{},"parameters":[],"headers":[],"authentication":{},"metaSortKey":-1699819041545.875,"isPrivate":false,"settingStoreCookies":true,"settingSendCookies":true,"settingDisableRenderRequestBody":false,"settingEncodeUrl":true,"settingRebuildPath":true,"settingFollowRedirects":"global","_type":"request"},{"_id":"req_6724af32f0ae4054876c7ee742153d7c","parentId":"wrk_1f3e9698450a4e6a824e76d10ee0c5d2","modified":1700424596460,"created":1700424144706,"url":"http://localhost:3000/updatecliente","name":"/updatecliente","description":"","method":"PUT","body":{"mimeType":"application/json","text":""},"parameters":[],"headers":[{"name":"Content-Type","value":"application/json"}],"authentication":{},"metaSortKey":-1699818097223.75,"isPrivate":false,"settingStoreCookies":true,"settingSendCookies":true,"settingDisableRenderRequestBody":false,"settingEncodeUrl":true,"settingRebuildPath":true,"settingFollowRedirects":"global","_type":"request"},{"_id":"req_1382e84763de43bca79dadd847363bd0","parentId":"wrk_1f3e9698450a4e6a824e76d10ee0c5d2","modified":1701692998412,"created":1699842312913,"url":"http://localhost:3000/insertcliente","name":"/cliente/store","description":"","method":"POST","body":{"mimeType":"application/json","text":"\n{\"cpf\": \"12385878997\",\n\"rg\": \"1234568\",\n\"nome\": \"arnaldo\",\n\"numero_celular\": \"54981140367\",\n\"email\": \"fsikora@gmail.com\",\n\"data_nascimento\": \"25/02/2006\",\n\"endereco\": \"rua guarani,117\",\n\"cep\": \"12345678\",\n\"complemento\": \"casa\",\n\"data_cadastro\": \"12/11/2023\"}"},"parameters":[],"headers":[{"name":"Content-Type","value":"application/json"}],"authentication":{},"metaSortKey":-1699816208579.5,"isPrivate":false,"settingStoreCookies":true,"settingSendCookies":true,"settingDisableRenderRequestBody":false,"settingEncodeUrl":true,"settingRebuildPath":true,"settingFollowRedirects":"global","_type":"request"},{"_id":"req_ad6bd93e69104b5d9779a924114ba232","parentId":"wrk_1f3e9698450a4e6a824e76d10ee0c5d2","modified":1699903869421,"created":1699842674182,"url":"http://localhost:3000/listcliente","name":"/listcliente","description":"","method":"GET","body":{},"parameters":[],"headers":[],"authentication":{},"metaSortKey":-1698770100654.125,"isPrivate":false,"settingStoreCookies":true,"settingSendCookies":true,"settingDisableRenderRequestBody":false,"settingEncodeUrl":true,"settingRebuildPath":true,"settingFollowRedirects":"global","_type":"request"},{"_id":"req_0f6ce980de0046c59eb47c64fbdad23c","parentId":"wrk_1f3e9698450a4e6a824e76d10ee0c5d2","modified":1700424679303,"created":1700424174300,"url":"http://localhost:3000/deletefuncionario/12345678918","name":"/deletefuncionario","description":"","method":"DELETE","body":{},"parameters":[],"headers":[],"authentication":{},"metaSortKey":-1698508573672.7812,"isPrivate":false,"settingStoreCookies":true,"settingSendCookies":true,"settingDisableRenderRequestBody":false,"settingEncodeUrl":true,"settingRebuildPath":true,"settingFollowRedirects":"global","_type":"request"},{"_id":"req_fcd1282ebb3b48f1ad46f8509a80030c","parentId":"wrk_1f3e9698450a4e6a824e76d10ee0c5d2","modified":1700424641730,"created":1700424161865,"url":"http://localhost:3000/updatefuncionario","name":"/updatefuncionario","description":"","method":"PUT","body":{"mimeType":"application/json","text":"{\"cpf\": \"12345678918\",\n\"rg\": \"1234568\",\n\"nome\": \"pantanal\",\n\"numero_celular\": \"54981140367\",\n\"email\": \"fsikora@gmail.com\",\n\"data_nascimento\": \"25/02/2006\",\n\"endereco\": \"rua guarani,117\",\n\"cep\": \"12345678\",\n\"complemento\": \"casa\",\n\"ctps\": \"12345679\",\n\"pis\": \"12345678910\",\n\"senha\": \"teste\"}"},"parameters":[],"headers":[{"name":"Content-Type","value":"application/json"}],"authentication":{},"metaSortKey":-1698247046691.4375,"isPrivate":false,"settingStoreCookies":true,"settingSendCookies":true,"settingDisableRenderRequestBody":false,"settingEncodeUrl":true,"settingRebuildPath":true,"settingFollowRedirects":"global","_type":"request"},{"_id":"req_ce869179e0154309a5dfc9657647da6d","parentId":"wrk_1f3e9698450a4e6a824e76d10ee0c5d2","modified":1701692974079,"created":1699839790324,"url":"http://localhost:3000/insertfuncionario","name":"/funcionario/store","description":"","method":"POST","body":{"mimeType":"application/json","text":"\n{\"cpf\": \"12345678918\",\n\"rg\": \"1234568\",\n\"nome\": \"Fred\",\n\"numero_celular\": \"54981140367\",\n\"email\": \"fsikora@gmail.com\",\n\"data_nascimento\": \"25/02/2006\",\n\"endereco\": \"rua guarani,117\",\n\"cep\": \"12345678\",\n\"complemento\": \"casa\",\n\"ctps\": \"12345679\",\n\"pis\": \"12345678910\",\n\"senha\": \"teste\"}"},"parameters":[],"headers":[{"name":"Content-Type","value":"application/json"}],"authentication":{},"metaSortKey":-1697723992728.75,"isPrivate":false,"settingStoreCookies":true,"settingSendCookies":true,"settingDisableRenderRequestBody":false,"settingEncodeUrl":true,"settingRebuildPath":true,"settingFollowRedirects":"global","_type":"request"},{"_id":"req_89ac71ca86cc41d78211c4245b569cfc","parentId":"wrk_1f3e9698450a4e6a824e76d10ee0c5d2","modified":1700424119625,"created":1699905675244,"url":"http://localhost:3000/loginfuncionario","name":"/loginfuncionario","description":"","method":"POST","body":{"mimeType":"application/json","text":"\n{\"cpf\": \"12345678916\",\n\"senha\": \"teste\"}"},"parameters":[],"headers":[{"name":"Content-Type","value":"application/json"}],"authentication":{},"metaSortKey":-1696677901676.625,"isPrivate":false,"settingStoreCookies":true,"settingSendCookies":true,"settingDisableRenderRequestBody":false,"settingEncodeUrl":true,"settingRebuildPath":true,"settingFollowRedirects":"global","_type":"request"},{"_id":"req_17258782c4794d4db0fff930a4a83af7","parentId":"wrk_1f3e9698450a4e6a824e76d10ee0c5d2","modified":1699903874940,"created":1699840583898,"url":"http://localhost:3000/listfuncionario","name":"/listfuncionario","description":"","method":"GET","body":{},"parameters":[],"headers":[],"authentication":{},"metaSortKey":-1695631810624.5,"isPrivate":false,"settingStoreCookies":true,"settingSendCookies":true,"settingDisableRenderRequestBody":false,"settingEncodeUrl":true,"settingRebuildPath":true,"settingFollowRedirects":"global","_type":"request"},{"_id":"env_4ba9c7d10b3a41d8be92a5c984b32f82","parentId":"wrk_1f3e9698450a4e6a824e76d10ee0c5d2","modified":1699815884654,"created":1699815884654,"name":"Base Environment","data":{},"dataPropertyOrder":null,"color":null,"isPrivate":false,"metaSortKey":1699815884654,"_type":"environment"},{"_id":"jar_e32aae40c64c49e3be6491ca1f44d07a","parentId":"wrk_1f3e9698450a4e6a824e76d10ee0c5d2","modified":1699815884657,"created":1699815884657,"name":"Default Jar","cookies":[],"_type":"cookie_jar"}]}